metric,value,notes
monthly_signups,350,Average new signups per month in Q4 2024
baseline_activation_rate,0.45,Percentage of signups who complete first task
avg_ltv_activated_user,850,Average lifetime value of an activated user
activated_user_retention_multiplier,2.5,Activated users stay 2.5x longer than non-activated
engineering_cost_per_month,25000,Fully loaded cost per engineer per month
avg_time_to_first_value_days,3.2,Days from signup to first completed task
monthly_revenue_per_activated_user,24,Average monthly revenue from activated users
churn_rate_activated_users,0.08,Monthly churn rate for activated users
churn_rate_non_activated_users,0.32,Monthly churn rate for non-activated users
